{
    "BLEU": 2.616244379580766,
    "chrF": 18.444443047547725,
    "BERTScore": 0.6484159231185913,
    "COMET": -0.13613317033272856,
    "Error_Distribution": {
        "missing_words": 19280,
        "extra_words": 8997
    }
}