{
    "BLEU": 0.6870481086073014,
    "chrF": 8.798002783227052,
    "BERTScore": 0.5830591917037964,
    "COMET": -0.3547881857617188,
    "Error_Distribution": {
        "missing_words": 21449,
        "extra_words": 3060
    }
}