{
    "BLEU": 0.00022882493596381405,
    "chrF": 2.3721249522623022,
    "BERTScore": 0.5326480865478516,
    "COMET": -0.28831175514961604,
    "Error_Distribution": {
        "missing_words": 15507,
        "extra_words": 1623
    }
}