{
    "BLEU": 4.651504353757357,
    "chrF": 26.235535519976043,
    "BERTScore": 0.7114304900169373,
    "COMET": 0.032240575374981054,
    "Error_Distribution": {
        "missing_words": 17646,
        "extra_words": 16476
    }
}