{
    "BLEU": 0.6871866217238318,
    "chrF": 8.787280290418414,
    "BERTScore": 0.5829101204872131,
    "COMET": -0.3547184084792412,
    "Error_Distribution": {
        "missing_words": 21433,
        "extra_words": 3062
    }
}