{
    "BLEU": 2.949738455486919,
    "chrF": 26.970183302290806,
    "BERTScore": 0.7049139738082886,
    "COMET": 0.06284939667356998,
    "Error_Distribution": {
        "missing_words": 14266,
        "extra_words": 13548
    }
}