{
    "BLEU": 7.230603520800838,
    "chrF": 31.468690849264235,
    "BERTScore": 0.7460017800331116,
    "COMET": 0.07280319174033821,
    "Error_Distribution": {
        "missing_words": 16201,
        "extra_words": 14554
    }
}