{
    "BLEU": 22.058739857875892,
    "chrF": 51.27848186682129,
    "BERTScore": 0.8142586946487427,
    "COMET": -0.4162728122036109,
    "Error_Distribution": {
        "missing_words": 11334,
        "extra_words": 11746
    }
}