{
    "BLEU": 22.058739857875892,
    "chrF": 51.27848186682129,
    "BERTScore": 0.8142587542533875,
    "COMET": 0.67209988635534,
    "Error_Distribution": {
        "missing_words": 11334,
        "extra_words": 11746
    }
}