{
    "BLEU": 2.6226033164751317,
    "chrF": 18.41135990574304,
    "BERTScore": 0.6482135057449341,
    "COMET": -0.13649064738257063,
    "Error_Distribution": {
        "missing_words": 19288,
        "extra_words": 8991
    }
}