{
    "BLEU": 3.3405311161090636,
    "chrF": 24.123704612402,
    "BERTScore": 0.7251962423324585,
    "COMET": -0.07578803973989455,
    "Error_Distribution": {
        "missing_words": 17250,
        "extra_words": 15263
    }
}